<?xml version="1.0"?>
<?xml-stylesheet type="text/xsl" href="../entity.xsl"?>

<entity name="GHero01" type="vx/unit" variations="12" pass_file="">
<images>
<image idx="2" file="GHero01_Idle" drawmode="player_color" remaping="none" rows="7" columns="12"/>
<image idx="3" file="GHero01_Walk" drawmode="player_color" remaping="none" rows="13" columns="12"/>
<image idx="4" file="GHero01_Fight" drawmode="player_color" remaping="none" rows="15" columns="12"/>
<image idx="5" file="GHero01_Death" drawmode="player_color" remaping="none" rows="20" columns="12"/>
<image idx="6" file="GHero01_Transition" drawmode="player_color" remaping="none" rows="5" columns="12"/>
<image idx="7" file="GHero01_Transition" drawmode="player_color" remaping="reverse" rows="5" columns="12"/>
<image idx="8" file="GHero01_Taunt" drawmode="player_color" remaping="none" rows="13" columns="12"/>
<image idx="9" file="GHero01_Idle_shadow" drawmode="shadow" remaping="none" rows="7" columns="12"/>
<image idx="10" file="GHero01_Walk_shadow" drawmode="shadow" remaping="none" rows="13" columns="12"/>
<image idx="11" file="GHero01_Fight_shadow" drawmode="shadow" remaping="none" rows="15" columns="12"/>
<image idx="12" file="GHero01_Death_shadow" drawmode="shadow" remaping="none" rows="20" columns="12"/>
<image idx="13" file="GHero01_Transition_shadow" drawmode="shadow" remaping="none" rows="5" columns="12"/>
<image idx="14" file="GHero01_Transition_shadow" drawmode="shadow" remaping="reverse" rows="5" columns="12"/>
<image idx="15" file="GHero01_Taunt_shadow" drawmode="shadow" remaping="none" rows="13" columns="12"/>
</images>
<points>
</points>
<layers>
<layer idx="1" name="unit" image="2" z="1000" offsetx="-105" offsety="-121" sortoffsetx="0" sortoffsety="0"/>
<layer idx="2" name="shadow" image="9" z="800" offsetx="-105" offsety="-121" sortoffsetx="0" sortoffsety="0"/>
</layers>
<states>
<state idx="1" name="idle" image_idx="0" image_row="0" offsetx="0" offsety="0"/>
<state idx="2" name="fight" image_idx="0" image_row="0" offsetx="0" offsety="0"/>
</states>
<anims>
<anim idx="1" name="walk" startstate="1" endstate="1" frames="15" duration="715" default_duration="55" action_time="0" step="75">
<replace layer="1" image="3" offsetx="-105" offsety="-121"/>
<replace layer="2" image="10" offsetx="-105" offsety="-121"/>
<frame idx="1" duration="0"/>
<frame idx="2" duration="55"/>
<frame idx="3" duration="55"/>
<frame idx="4" duration="55"/>
<frame idx="5" duration="55"/>
<frame idx="6" duration="55"/>
<frame idx="7" duration="55"/>
<frame idx="8" duration="55"/>
<frame idx="9" duration="55"/>
<frame idx="10" duration="55"/>
<frame idx="11" duration="55"/>
<frame idx="12" duration="55"/>
<frame idx="13" duration="55"/>
<frame idx="14" duration="55"/>
<frame idx="15" duration="0"/>
</anim>
<anim idx="5" name="attack" startstate="2" endstate="2" frames="17" duration="1065" default_duration="71" action_time="426" step="0">
<replace layer="1" image="4" offsetx="-105" offsety="-121"/>
<replace layer="2" image="11" offsetx="-105" offsety="-121"/>
<frame idx="1" duration="0"/>
<frame idx="2" duration="71"/>
<frame idx="3" duration="71"/>
<frame idx="4" duration="71"/>
<frame idx="5" duration="71"/>
<frame idx="6" duration="71"/>
<frame idx="7" duration="71"/>
<frame idx="8" duration="71"/>
<frame idx="9" duration="71"/>
<frame idx="10" duration="71"/>
<frame idx="11" duration="71"/>
<frame idx="12" duration="71"/>
<frame idx="13" duration="71"/>
<frame idx="14" duration="71"/>
<frame idx="15" duration="71"/>
<frame idx="16" duration="71"/>
<frame idx="17" duration="0"/>
</anim>
<anim idx="9" name="die" startstate="1" endstate="1" frames="22" duration="15140" default_duration="80" action_time="0" step="0">
<replace layer="1" image="5" offsetx="-125" offsety="-137"/>
<replace layer="2" image="12" offsetx="-125" offsety="-137"/>
<frame idx="1" duration="0"/>
<frame idx="2" duration="80"/>
<frame idx="3" duration="80"/>
<frame idx="4" duration="80"/>
<frame idx="5" duration="80"/>
<frame idx="6" duration="80"/>
<frame idx="7" duration="80"/>
<frame idx="8" duration="80"/>
<frame idx="9" duration="100"/>
<frame idx="10" duration="100"/>
<frame idx="11" duration="100"/>
<frame idx="12" duration="180"/>
<frame idx="13" duration="200"/>
<frame idx="14" duration="500"/>
<frame idx="15" duration="800"/>
<frame idx="16" duration="1000"/>
<frame idx="17" duration="1300"/>
<frame idx="18" duration="2000"/>
<frame idx="19" duration="2500"/>
<frame idx="20" duration="2800"/>
<frame idx="21" duration="3000"/>
<frame idx="22" duration="0"/>
</anim>
<anim idx="13" name="Idle" startstate="1" endstate="1" frames="9" duration="1050" default_duration="150" action_time="0" step="0">
<replace layer="1" image="2" offsetx="-105" offsety="-121"/>
<replace layer="2" image="9" offsetx="-105" offsety="-121"/>
<frame idx="1" duration="0"/>
<frame idx="2" duration="150"/>
<frame idx="3" duration="150"/>
<frame idx="4" duration="150"/>
<frame idx="5" duration="150"/>
<frame idx="6" duration="150"/>
<frame idx="7" duration="150"/>
<frame idx="8" duration="150"/>
<frame idx="9" duration="0"/>
</anim>
<anim idx="18" name="ToIdle" startstate="2" endstate="1" frames="7" duration="360" default_duration="72" action_time="0" step="0">
<replace layer="1" image="7" offsetx="-105" offsety="-121"/>
<replace layer="2" image="14" offsetx="-105" offsety="-121"/>
<frame idx="1" duration="0"/>
<frame idx="2" duration="72"/>
<frame idx="3" duration="72"/>
<frame idx="4" duration="72"/>
<frame idx="5" duration="72"/>
<frame idx="6" duration="72"/>
<frame idx="7" duration="0"/>
</anim>
<anim idx="19" name="ToAttack" startstate="1" endstate="2" frames="7" duration="360" default_duration="72" action_time="0" step="0">
<replace layer="1" image="6" offsetx="-105" offsety="-121"/>
<replace layer="2" image="13" offsetx="-105" offsety="-121"/>
<frame idx="1" duration="0"/>
<frame idx="2" duration="72"/>
<frame idx="3" duration="72"/>
<frame idx="4" duration="72"/>
<frame idx="5" duration="72"/>
<frame idx="6" duration="72"/>
<frame idx="7" duration="0"/>
</anim>
<anim idx="20" name="Taunt" startstate="1" endstate="1" frames="15" duration="1950" default_duration="150" action_time="900" step="0">
<replace layer="1" image="8" offsetx="-105" offsety="-121"/>
<replace layer="2" image="15" offsetx="-105" offsety="-121"/>
<frame idx="1" duration="0"/>
<frame idx="2" duration="150"/>
<frame idx="3" duration="150"/>
<frame idx="4" duration="150"/>
<frame idx="5" duration="150"/>
<frame idx="6" duration="150"/>
<frame idx="7" duration="150"/>
<frame idx="8" duration="150"/>
<frame idx="9" duration="150"/>
<frame idx="10" duration="150"/>
<frame idx="11" duration="150"/>
<frame idx="12" duration="150"/>
<frame idx="13" duration="150"/>
<frame idx="14" duration="150"/>
<frame idx="15" duration="0"/>
</anim>
</anims>
</entity>
